{
  "train": {
    "loss": 0.1876733896097297,
    "acc": 0.9279787126715092,
    "timeuse": 76.36546993255615,
    "Precision": 0.7822772748928061,
    "Recall": 0.7868744955609362,
    "Weighted_Precision": 0.9281501633525581,
    "Balanced_acc": 0.8715370258272801,
    "F1": 0.7845691508757812,
    "matthews_corrcoef": 0.7413360011455136,
    "auPRCs": 0.8574368526299343,
    "auROC": 0.9598988132999777
  },
  "val": {
    "loss": 0.22926078391224564,
    "acc": 0.9058425185505367,
    "timeuse": 8.941465616226196,
    "Precision": 0.722136393732068,
    "Recall": 0.7071536632807435,
    "Weighted_Precision": 0.9050833696554149,
    "Balanced_acc": 0.8263669764426194,
    "F1": 0.714566499235641,
    "matthews_corrcoef": 0.6582482632230984,
    "auPRCs": 0.7769175742494892,
    "auROC": 0.9334418088657414
  },
  "test": {
    "loss": 0.2247533508471284,
    "acc": 0.9057719763410157,
    "timeuse": 18.668644189834595,
    "Precision": 0.7178045789043336,
    "Recall": 0.7161941668366306,
    "Weighted_Precision": 0.9056876722811689,
    "Balanced_acc": 0.8299408525392616,
    "F1": 0.7169984686064319,
    "matthews_corrcoef": 0.6604750207374409,
    "auPRCs": 0.7825175927309567,
    "auROC": 0.9377905546679621
  }
}