{
  "train": {
    "loss": 0.1679358648668792,
    "acc": 0.933827919157506,
    "timeuse": 76.40858793258667,
    "Precision": 0.8230836192329356,
    "Recall": 0.7679151538314543,
    "Weighted_Precision": 0.9323634782369026,
    "Balanced_acc": 0.8674572664902054,
    "F1": 0.7945428931563728,
    "matthews_corrcoef": 0.7558081452651622,
    "auPRCs": 0.8701286486628373,
    "auROC": 0.9675507838384741
  },
  "val": {
    "loss": 0.20584569214159484,
    "acc": 0.9153841582981758,
    "timeuse": 10.194811820983887,
    "Precision": 0.7551775147928994,
    "Recall": 0.7282453637660485,
    "Weighted_Precision": 0.9142499519724747,
    "Balanced_acc": 0.8405219688705465,
    "F1": 0.7414669571532316,
    "matthews_corrcoef": 0.6910635696917343,
    "auPRCs": 0.8149976548211137,
    "auROC": 0.9484214808994536
  },
  "test": {
    "loss": 0.21328039367190765,
    "acc": 0.9148979522532006,
    "timeuse": 17.825115442276,
    "Precision": 0.7628640245237573,
    "Recall": 0.7100061137151009,
    "Weighted_Precision": 0.9128203181925894,
    "Balanced_acc": 0.8329370421876239,
    "F1": 0.7354865948912814,
    "matthews_corrcoef": 0.6854830603541519,
    "auPRCs": 0.8029386433577439,
    "auROC": 0.9437006727744026
  }
}