{
  "train": {
    "loss": 0.2270578953465319,
    "acc": 0.908751177024482,
    "timeuse": 23.224950551986694,
    "Precision": 0.7843715327310192,
    "Recall": 0.6240667877320419,
    "Weighted_Precision": 0.9038668424082851,
    "Balanced_acc": 0.794877421307506,
    "F1": 0.6950964280196086,
    "matthews_corrcoef": 0.6480636559183687,
    "auPRCs": 0.7899845823392098,
    "auROC": 0.9392729914108766
  },
  "val": {
    "loss": 0.2695107175374476,
    "acc": 0.883834017722066,
    "timeuse": 2.6651484966278076,
    "Precision": 0.7077652637818613,
    "Recall": 0.5161011454506159,
    "Weighted_Precision": 0.8747880053927617,
    "Balanced_acc": 0.736740868813486,
    "F1": 0.5969253843269591,
    "matthews_corrcoef": 0.5400414592726226,
    "auPRCs": 0.6888948207544636,
    "auROC": 0.9059616951254766
  },
  "test": {
    "loss": 0.2727106947798045,
    "acc": 0.8843565164185193,
    "timeuse": 5.623844146728516,
    "Precision": 0.7022911051212938,
    "Recall": 0.5314093412196614,
    "Weighted_Precision": 0.8759076275248835,
    "Balanced_acc": 0.7431776463389761,
    "F1": 0.6050156739811913,
    "matthews_corrcoef": 0.5459834033701187,
    "auPRCs": 0.6870289443412652,
    "auROC": 0.9026729463274243
  }
}