{
  "train": {
    "loss": 0.15672473102988055,
    "acc": 0.938994006065575,
    "timeuse": 35.7797474861145,
    "Precision": 0.8498207129297617,
    "Recall": 0.7699216510605771,
    "Weighted_Precision": 0.9373487022499006,
    "Balanced_acc": 0.8713594119002203,
    "F1": 0.8079005414076599,
    "matthews_corrcoef": 0.7730736916306257,
    "auPRCs": 0.8848743699619193,
    "auROC": 0.9705322307149976
  },
  "val": {
    "loss": 0.2225448312755291,
    "acc": 0.9080753461287064,
    "timeuse": 4.716418266296387,
    "Precision": 0.7405281285878301,
    "Recall": 0.6900855920114123,
    "Weighted_Precision": 0.9058242545030517,
    "Balanced_acc": 0.8208716730110537,
    "F1": 0.7144175743031198,
    "matthews_corrcoef": 0.6603031995594064,
    "auPRCs": 0.7931639026918118,
    "auROC": 0.9396350515306628
  },
  "test": {
    "loss": 0.23594426517768413,
    "acc": 0.9081060889054912,
    "timeuse": 8.41320514678955,
    "Precision": 0.7490382439465942,
    "Recall": 0.6745465661300183,
    "Weighted_Precision": 0.9050045582861871,
    "Balanced_acc": 0.8146775210438193,
    "F1": 0.7098434484237616,
    "matthews_corrcoef": 0.6566983878960918,
    "auPRCs": 0.7764114437567627,
    "auROC": 0.9324056381042732
  }
}