{
  "train": {
    "loss": 0.19642548068984356,
    "acc": 0.9181147364818072,
    "timeuse": 33.24952840805054,
    "Precision": 0.7579105490139071,
    "Recall": 0.7472291228740684,
    "Weighted_Precision": 0.9176645961322214,
    "Balanced_acc": 0.8497547782573217,
    "F1": 0.7525319348553008,
    "matthews_corrcoef": 0.7035010270317913,
    "auPRCs": 0.8232240806818546,
    "auROC": 0.9539530111339494
  },
  "val": {
    "loss": 0.22380400052313726,
    "acc": 0.9039752807653456,
    "timeuse": 4.469902753829956,
    "Precision": 0.70625,
    "Recall": 0.7253922967189729,
    "Weighted_Precision": 0.905052570989603,
    "Balanced_acc": 0.8325357205519999,
    "F1": 0.7156931738212526,
    "matthews_corrcoef": 0.6580228240822287,
    "auPRCs": 0.7875055494769805,
    "auROC": 0.938605785979286
  },
  "test": {
    "loss": 0.22683193599460816,
    "acc": 0.903249906611879,
    "timeuse": 7.906100273132324,
    "Precision": 0.7098287112561175,
    "Recall": 0.7093947422050132,
    "Weighted_Precision": 0.9032262638792845,
    "Balanced_acc": 0.8257038910699068,
    "F1": 0.7096116603812048,
    "matthews_corrcoef": 0.6515671739438444,
    "auPRCs": 0.776592092642895,
    "auROC": 0.937496883765836
  }
}