{
  "train": {
    "loss": 0.1863540181340657,
    "acc": 0.9252757600215227,
    "timeuse": 87.24054956436157,
    "Precision": 0.8312734763116443,
    "Recall": 0.6921408393866021,
    "Weighted_Precision": 0.9222309956045156,
    "Balanced_acc": 0.8320217917675545,
    "F1": 0.7553537021745115,
    "matthews_corrcoef": 0.7158489792917756,
    "auPRCs": 0.8499764177643192,
    "auROC": 0.9581261379905069
  },
  "val": {
    "loss": 0.22325399716287223,
    "acc": 0.9099848714069592,
    "timeuse": 10.149227380752563,
    "Precision": 0.7752198654940508,
    "Recall": 0.6477199049059866,
    "Weighted_Precision": 0.9056931000017147,
    "Balanced_acc": 0.8050788848065702,
    "F1": 0.705757682797598,
    "matthews_corrcoef": 0.6567999603226594,
    "auPRCs": 0.7917908904059785,
    "auROC": 0.9410304454702478
  },
  "test": {
    "loss": 0.21496429866577071,
    "acc": 0.9112618124957509,
    "timeuse": 21.720802545547485,
    "Precision": 0.7801539777587682,
    "Recall": 0.6510299816438915,
    "Weighted_Precision": 0.9070609158898614,
    "Balanced_acc": 0.8071690801550071,
    "F1": 0.7097670798821502,
    "matthews_corrcoef": 0.6616457424348378,
    "auPRCs": 0.8025752602006884,
    "auROC": 0.9452237344936392
  }
}