{
  "train": {
    "loss": 0.24644086452590375,
    "acc": 0.8994148506860371,
    "timeuse": 34.455456018447876,
    "Precision": 0.7693441162360359,
    "Recall": 0.5662580710250201,
    "Weighted_Precision": 0.8928921809652159,
    "Balanced_acc": 0.7661521388216304,
    "F1": 0.6523608891471742,
    "matthews_corrcoef": 0.6047017830971212,
    "auPRCs": 0.748408265217259,
    "auROC": 0.9247299126278157
  },
  "val": {
    "loss": 0.27455506074386477,
    "acc": 0.8858151430012247,
    "timeuse": 4.056612491607666,
    "Precision": 0.7257514719553765,
    "Recall": 0.506159498595202,
    "Weighted_Precision": 0.8766816952953275,
    "Balanced_acc": 0.7339528852388156,
    "F1": 0.596384008148714,
    "matthews_corrcoef": 0.5440644996429821,
    "auPRCs": 0.6793558778461231,
    "auROC": 0.9011681698961224
  },
  "test": {
    "loss": 0.26974508988110846,
    "acc": 0.8879257597389354,
    "timeuse": 8.478378772735596,
    "Precision": 0.724992995236761,
    "Recall": 0.527738119518662,
    "Weighted_Precision": 0.8795172213875135,
    "Balanced_acc": 0.743850703650826,
    "F1": 0.6108356940509915,
    "matthews_corrcoef": 0.5566801773793184,
    "auPRCs": 0.6890240993149779,
    "auROC": 0.9053043410925784
  }
}