{
  "train": {
    "loss": 0.18141005461923312,
    "acc": 0.9261623695543155,
    "timeuse": 11.67331600189209,
    "Precision": 0.7929526490399116,
    "Recall": 0.7536308045098414,
    "Weighted_Precision": 0.9248546256153943,
    "Balanced_acc": 0.8571439757302538,
    "F1": 0.7727918483319455,
    "matthews_corrcoef": 0.7290802335278316,
    "auPRCs": 0.8457907297392646,
    "auROC": 0.9621549066292654
  },
  "val": {
    "loss": 0.22125269114259263,
    "acc": 0.9077782399429556,
    "timeuse": 1.5643727779388428,
    "Precision": 0.7325408618127786,
    "Recall": 0.703281027104137,
    "Weighted_Precision": 0.9063899265560573,
    "Balanced_acc": 0.8259720643542074,
    "F1": 0.717612809315866,
    "matthews_corrcoef": 0.6627269952715161,
    "auPRCs": 0.7876760146430855,
    "auROC": 0.9395124611898968
  },
  "test": {
    "loss": 0.22871832157598634,
    "acc": 0.9060006112677013,
    "timeuse": 2.704700469970703,
    "Precision": 0.735624586913417,
    "Recall": 0.6804564907275321,
    "Weighted_Precision": 0.9034834128992101,
    "Balanced_acc": 0.8157783676131548,
    "F1": 0.7069659114969299,
    "matthews_corrcoef": 0.6517906997340616,
    "auPRCs": 0.772927888102583,
    "auROC": 0.9352233241635912
  }
}